TITLE,FIRST_NAME,MIDDLE_NAME,LAST_NAME,NAME_SUFFIC,ADDRESS_1,ADDRESS_2,ADDRESS_3,ADDRESS_4,CITY,STATE,ZIP,COUNTRY_ISO3,EMAIL,PHONE
Mrs.,Mason,ZDmZAUZC,Hernandez,,wmwuCrSSPS Ave.,ICENX,,,Seattle,TX,30764,USA,mason.hernandez@gmail.com,1769509253
Dr,Julian,HtCaOrxI,Hill,,opZGjnRmlm Ave.,vPXEW,,,Seattle,IL,04472,USA,julian.hill@gmail.com,1009113621
Dr,Noah,ytNnBcwV,Baker,,teyacpGGdR Ave.,zcfYo,,,Washington,TN,69355,USA,noah.baker@gmail.com,4112355178
Mrs.,Samuel,sagjDwOk,Perez,,cLbrjCFXMU Blvd.,DnRiT,,,Houston,CA,16110,USA,samuel.perez@gmail.com,2436010849
Mrs.,Penelope,QbPUFzSo,Mitchell,,DBMPzZjzXc Ave.,BIlSg,,,Los Angeles,TN,47436,USA,penelope.mitchell@gmail.com,2092267582
Dr,Daniel,QlinnpHB,White,,VXAGHxsjVI St.,mjUYh,,,Charlotte,NY,25246,USA,daniel.white@gmail.com,3895515558
Ms.,Emma,fwoMKPjc,Jackson,,DZuZDlRYRI Blvd.,kUNWR,,,Denver,TX,06208,USA,emma.jackson@gmail.com,2590713966
Mr.,Audrey,lIhvSHgH,Adams,,iTQkJEZDwh St.,nhLHL,,,Phoenix,CA,64294,USA,audrey.adams@gmail.com,0163053189
Dr,Noah,ZhNRlzDB,Walker,,oYPBZcvHkb Ave.,hZQoE,,,Nashville,WA,36790,USA,noah.walker@gmail.com,5955965008
Mr.,Elena,ZnNZuPoe,Johnson,,PuoMERlHsd Blvd.,mpIIj,,,Boston,CA,40171,USA,elena.johnson@gmail.com,1978114656
